geocod,regiao,con_code
1111601,Arcos de Valdevez,1601
1111602,Caminha,1602
1111603,Melgaço,1603
1111604,Monção,1604
1111605,Paredes de Coura,1605
1111606,Ponte da Barca,1606
1111607,Ponte de Lima,1607
1111608,Valença,1608
1111609,Viana do Castelo,1609
1111610,Vila Nova de Cerveira,1610
1120301,Amares,0301
1120302,Barcelos,0302
1120303,Braga,0303
1120306,Esposende,0306
1120310,Terras de Bouro,0310
1120313,Vila Verde,0313
1190304,Cabeceiras de Basto,0304
1190307,Fafe,0307
1190308,Guimarães,0308
1191705,Mondim de Basto,1705
1190309,Póvoa de Lanhoso,0309
1190311,Vieira do Minho,0311
1190312,Vila Nova de Famalicão,0312
1190314,Vizela,0314
11A0104,Arouca,0104
11A0107,Espinho,0107
11A1304,Gondomar,1304
11A1306,Maia,1306
11A1308,Matosinhos,1308
11A0113,Oliveira de Azeméis,0113
11A1310,Paredes,1310
11A1312,Porto,1312
11A1313,Póvoa de Varzim,1313
11A0109,Santa Maria da Feira,0109
11A1314,Santo Tirso,1314
11A0116,São João da Madeira,0116
11A1318,Trofa,1318
11A0119,Vale de Cambra,0119
11A1315,Valongo,1315
11A1316,Vila do Conde,1316
11A1317,Vila Nova de Gaia,1317
11B1702,Boticas,1702
11B1703,Chaves,1703
11B1706,Montalegre,1706
11B1709,Ribeira de Pena,1709
11B1712,Valpaços,1712
11B1713,Vila Pouca de Aguiar,1713
11C1301,Amarante,1301
11C1302,Baião,1302
11C0106,Castelo de Paiva,0106
11C0305,Celorico de Basto,0305
11C1804,Cinfães,1804
11C1303,Felgueiras,1303
11C1305,Lousada,1305
11C1307,Marco de Canaveses,1307
11C1309,Paços de Ferreira,1309
11C1311,Penafiel,1311
11C1813,Resende,1813
11D1701,Alijó,1701
11D1801,Armamar,1801
11D0403,Carrazeda de Ansiães,0403
11D0404,Freixo de Espada à Cinta,0404
11D1805,Lamego,1805
11D1704,Mesão Frio,1704
11D1807,Moimenta da Beira,1807
11D1707,Murça,1707
11D1812,Penedono,1812
11D1708,Peso da Régua,1708
11D1710,Sabrosa,1710
11D1711,Santa Marta de Penaguião,1711
11D1815,São João da Pesqueira,1815
11D1818,Sernancelhe,1818
11D1819,Tabuaço,1819
11D1820,Tarouca,1820
11D0409,Torre de Moncorvo,0409
11D0914,Vila Nova de Foz Côa,0914
11D1714,Vila Real,1714
11E0401,Alfândega da Fé,0401
11E0402,Bragança,0402
11E0405,Macedo de Cavaleiros,0405
11E0406,Miranda do Douro,0406
11E0407,Mirandela,0407
11E0408,Mogadouro,0408
11E0410,Vila Flor,0410
11E0411,Vimioso,0411
11E0412,Vinhais,0412
1910101,Águeda,0101
1910102,Albergaria-a-Velha,0102
1910103,Anadia,0103
1910105,Aveiro,0105
1910108,Estarreja,0108
1910110,Ílhavo,0110
1910112,Murtosa,0112
1910114,Oliveira do Bairro,0114
1910115,Ovar,0115
1910117,Sever do Vouga,0117
1910118,Vagos,0118
1920601,Arganil,0601
1920602,Cantanhede,0602
1920603,Coimbra,0603
1920604,Condeixa-a-Nova,0604
1920605,Figueira da Foz,0605
1920606,Góis,0606
1920607,Lousã,0607
1920111,Mealhada,0111
1920608,Mira,0608
1920609,Miranda do Corvo,0609
1920610,Montemor-o-Velho,0610
1921808,Mortágua,1808
1920611,Oliveira do Hospital,0611
1920612,Pampilhosa da Serra,0612
1920613,Penacova,0613
1920614,Penela,0614
1920615,Soure,0615
1920616,Tábua,0616
1920617,Vila Nova de Poiares,0617
1931002,Alvaiázere,1002
1931003,Ansião,1003
1931004,Batalha,1004
1931007,Castanheira de Pêra,1007
1931008,Figueiró dos Vinhos,1008
1931009,Leiria,1009
1931010,Marinha Grande,1010
1931013,Pedrógão Grande,1013
1931015,Pombal,1015
1931016,Porto de Mós,1016
1940901,Aguiar da Beira,0901
1941802,Carregal do Sal,1802
1941803,Castro Daire,1803
1941806,Mangualde,1806
1941809,Nelas,1809
1941810,Oliveira de Frades,1810
1941811,Penalva do Castelo,1811
1941814,Santa Comba Dão,1814
1941816,São Pedro do Sul,1816
1941817,Sátão,1817
1941821,Tondela,1821
1941822,Vila Nova de Paiva,1822
1941823,Viseu,1823
1941824,Vouzela,1824
1950502,Castelo Branco,0502
1950505,Idanha-a-Nova,0505
1950506,Oleiros,0506
1950507,Penamacor,0507
1950508,Proença-a-Nova,0508
1950509,Sertã,0509
1950510,Vila de Rei,0510
1950511,Vila Velha de Ródão,0511
1960902,Almeida,0902
1960501,Belmonte,0501
1960903,Celorico da Beira,0903
1960503,Covilhã,0503
1960904,Figueira de Castelo Rodrigo,0904
1960905,Fornos de Algodres,0905
1960504,Fundão,0504
1960906,Gouveia,0906
1960907,Guarda,0907
1960908,Manteigas,0908
1960909,Mêda,0909
1960910,Pinhel,0910
1960911,Sabugal,0911
1960912,Seia,0912
1960913,Trancoso,0913
1D11001,Alcobaça,1001
1D11101,Alenquer,1101
1D11102,Arruda dos Vinhos,1102
1D11005,Bombarral,1005
1D11104,Cadaval,1104
1D11006,Caldas da Rainha,1006
1D11108,Lourinhã,1108
1D11011,Nazaré,1011
1D11012,Óbidos,1012
1D11014,Peniche,1014
1D11112,Sobral de Monte Agraço,1112
1D11113,Torres Vedras,1113
1D21401,Abrantes,1401
1D21402,Alcanena,1402
1D21408,Constância,1408
1D21410,Entroncamento,1410
1D21411,Ferreira do Zêzere,1411
1D21413,Mação,1413
1D21421,Ourém,1421
1D21417,Sardoal,1417
1D21418,Tomar,1418
1D21419,Torres Novas,1419
1D21420,Vila Nova da Barquinha,1420
1D31403,Almeirim,1403
1D31404,Alpiarça,1404
1D31103,Azambuja,1103
1D31405,Benavente,1405
1D31406,Cartaxo,1406
1D31407,Chamusca,1407
1D31409,Coruche,1409
1D31412,Golegã,1412
1D31414,Rio Maior,1414
1D31415,Salvaterra de Magos,1415
1D31416,Santarém,1416
1A01115,Amadora,1115
1A01105,Cascais,1105
1A01106,Lisboa,1106
1A01107,Loures,1107
1A01109,Mafra,1109
1A01116,Odivelas,1116
1A01110,Oeiras,1110
1A01111,Sintra,1111
1A01114,Vila Franca de Xira,1114
1B01502,Alcochete,1502
1B01503,Almada,1503
1B01504,Barreiro,1504
1B01506,Moita,1506
1B01507,Montijo,1507
1B01508,Palmela,1508
1B01510,Seixal,1510
1B01511,Sesimbra,1511
1B01512,Setúbal,1512
1C11501,Alcácer do Sal,1501
1C11505,Grândola,1505
1C10211,Odemira,0211
1C11509,Santiago do Cacém,1509
1C11513,Sines,1513
1C20201,Aljustrel,0201
1C20202,Almodôvar,0202
1C20203,Alvito,0203
1C20204,Barrancos,0204
1C20205,Beja,0205
1C20206,Castro Verde,0206
1C20207,Cuba,0207
1C20208,Ferreira do Alentejo,0208
1C20209,Mértola,0209
1C20210,Moura,0210
1C20212,Ourique,0212
1C20213,Serpa,0213
1C20214,Vidigueira,0214
1C31201,Alter do Chão,1201
1C31202,Arronches,1202
1C31203,Avis,1203
1C31204,Campo Maior,1204
1C31205,Castelo de Vide,1205
1C31206,Crato,1206
1C31207,Elvas,1207
1C31208,Fronteira,1208
1C31209,Gavião,1209
1C31210,Marvão,1210
1C31211,Monforte,1211
1C31212,Nisa,1212
1C31213,Ponte de Sor,1213
1C31214,Portalegre,1214
1C31215,Sousel,1215
1C40701,Alandroal,0701
1C40702,Arraiolos,0702
1C40703,Borba,0703
1C40704,Estremoz,0704
1C40705,Évora,0705
1C40706,Montemor-o-Novo,0706
1C40707,Mora,0707
1C40708,Mourão,0708
1C40709,Portel,0709
1C40710,Redondo,0710
1C40711,Reguengos de Monsaraz,0711
1C40712,Vendas Novas,0712
1C40713,Viana do Alentejo,0713
1C40714,Vila Viçosa,0714
1500801,Albufeira,0801
1500802,Alcoutim,0802
1500803,Aljezur,0803
1500804,Castro Marim,0804
1500805,Faro,0805
1500806,Lagoa,0806
1500807,Lagos,0807
1500808,Loulé,0808
1500809,Monchique,0809
1500810,Olhão,0810
1500811,Portimão,0811
1500812,São Brás de Alportel,0812
1500813,Silves,0813
1500814,Tavira,0814
1500815,Vila do Bispo,0815
1500816,Vila Real de Santo António,0816
2004301,Angra do Heroísmo,4301
2004501,Calheta (R.A.A.),4501
2004901,Corvo,4901
2004701,Horta,4701
2004201,Lagoa (R.A.A.),4201
2004801,Lajes das Flores,4801
2004601,Lajes do Pico,4601
2004602,Madalena,4602
2004202,Nordeste,4202
2004203,Ponta Delgada,4203
2004204,Povoação,4204
2004205,Ribeira Grande,4205
2004401,Santa Cruz da Graciosa,4401
2004802,Santa Cruz das Flores,4802
2004603,São Roque do Pico,4603
2004502,Velas,4502
2004302,Vila da Praia da Vitória,4302
2004101,Vila do Porto,4101
2004206,Vila Franca do Campo,4206
3003101,Calheta (R.A.M.),3101
3003102,Câmara de Lobos,3102
3003103,Funchal,3103
3003104,Machico,3104
3003105,Ponta do Sol,3105
3003106,Porto Moniz,3106
3003107,Ribeira Brava,3107
3003108,Santa Cruz,3108
3003109,Santana,3109
3003110,São Vicente,3110
3003201,Porto Santo,3201
